case_id,sample_role,frame,spell_id,spell_name,player_x,player_y,power,action,mask,issued_action_after_hit_detection,active_bullets,active_lasers,pipeline_clearance,minimum_pipeline_clearance_240f,minimum_corridor_slack_240f,nearest_bullet_clearance,nearest_laser_clearance,primary_cause_class,planner_failure_class,usable_pipeline_warning_lead_frames,usable_robust_warning_lead_frames,usable_viability_warning_lead_frames,viability_kernel_exhausted_at_frame,contributing_factors,bomb_input_verified_absent
LUN-S7-F8398-T1,canonical_fresh_attempt_causal_sample,8398,,,265.17889404296875,419.1910705566406,128.0,down_right,165,right_fast,319,0,16.379159927368164,3.6281075477600098,,18.76621835959746,,sensor_gap_or_unmodeled_hazard,unresolved_planner_failure,0,0,0,,,True
LUN-S7-F8909-T1,post_respawn_discovery_sample,8909,,,367.4732666015625,420.74432373046875,122.0,up_right_fast,145,stay,270,0,-2.971209764480591,-2.971209764480591,,0.057220458984375,,modeled_committed_prefix_collision,robust_action_set_exhausted_before_hit,3,5,0,,fast_mode,True
LUN-S7-F11931-T1,post_respawn_discovery_sample,11931,150,薬符「壺中の大銀河」,376.0,407.36541748046875,118.0,left_fast,65,left_fast,423,0,-2.5423641204833984,-2.5423641204833984,,3.6517333984375,,modeled_committed_prefix_collision,robust_action_set_exhausted_before_hit,0,8,0,,playfield_boundary;fast_mode,True
LUN-S7-F18387-T1,post_respawn_discovery_sample,18387,,,9.504634857177734,16.060855865478516,117.0,down_fast,33,down_fast,1079,0,-1.816503643989563,-1.816503643989563,,5.984294621624064,,modeled_committed_prefix_collision,robust_action_set_exhausted_before_hit,0,3,0,,playfield_boundary;pool_density_over_1000;fast_mode,True
LUN-S7-F19119-T1,post_respawn_discovery_sample,19119,,,8.409337043762207,425.12725830078125,112.0,up_right_fast,145,up_right_fast,1145,0,-0.007090762257575989,-1.6539357900619507,,-0.184600830078125,,observed_bullet_overlap,robust_action_set_exhausted_before_hit,0,14,0,,playfield_boundary;pool_density_over_1000;fast_mode,True
LUN-S7-F20135-T1,post_respawn_discovery_sample,20135,,,18.4408016204834,424.57354736328125,107.0,up_left_fast,81,up_fast,1180,0,-1.8809692859649658,-2.4781246185302734,,-1.5034360885620117,,observed_bullet_overlap,robust_action_set_exhausted_before_hit,4,6,0,,pool_density_over_1000;fast_mode,True
LUN-S7-F20622-T1,post_respawn_discovery_sample,20622,,,369.01495361328125,423.84271240234375,104.0,up_fast,17,up_fast,1171,0,0.47123414278030396,-1.350896954536438,,-2.463836669921875,,observed_bullet_overlap,robust_action_set_exhausted_before_hit,3,6,0,,pool_density_over_1000;fast_mode,True
LUN-S7-F21446-T1,post_respawn_discovery_sample,21446,,,11.252691268920898,428.21142578125,91.0,up_right_fast,145,up_fast,1211,0,-1.6362841129302979,-1.6362841129302979,,0.207855224609375,,modeled_committed_prefix_collision,robust_action_set_exhausted_before_hit,2,7,0,,playfield_boundary;pool_density_over_1000;fast_mode,True
LUN-S7-F23644-T1,post_respawn_discovery_sample,23644,154,神宝「ブリリアントドラゴンバレッタ」,136.27099609375,425.2593994140625,87.0,up_fast,17,up_fast,127,251,-2.4770259857177734,-7.893208749471283,,7.58074951171875,11.236505390557493,modeled_committed_prefix_collision,robust_action_set_exhausted_before_hit,0,44,0,,fast_mode,True
LUN-S7-F30925-T1,post_respawn_discovery_sample,30925,158,神宝「ブディストダイアモンド」,42.454071044921875,427.294189453125,89.0,up_fast,17,stay,236,33,-3.2397098541259766,-3.2397098541259766,,3.9861235871167624,3.8572844812916998,modeled_committed_prefix_collision,robust_action_set_exhausted_before_hit,0,10,0,,fast_mode,True
LUN-S7-F31421-T1,post_respawn_discovery_sample,31421,158,神宝「ブディストダイアモンド」,191.63150024414062,425.3211669921875,74.0,up_right_fast,145,down_left_fast,205,33,-2.413836717605591,-6.356027624970528,,2.0074783432240575,6.343711600796844,modeled_committed_prefix_collision,robust_action_set_exhausted_before_hit,0,6,0,,fast_mode,True
LUN-S7-F33634-T1,post_respawn_discovery_sample,33634,,,191.84918212890625,141.34503173828125,70.0,up_left_fast,81,left_fast,0,0,9999.0,8.75195026397705,,,,sensor_gap_or_unmodeled_hazard,unresolved_planner_failure,0,0,0,,fast_mode,True
LUN-S7-F34281-T1,post_respawn_discovery_sample,34281,,,97.57246398925781,165.34747314453125,70.0,left_fast,65,left_fast,688,0,-2.359591007232666,-2.359591007232666,,-1.5664825439453125,,observed_bullet_overlap,robust_action_set_exhausted_before_hit,3,16,0,,fast_mode,True
LUN-S7-F34823-T1,post_respawn_discovery_sample,34823,,,371.8546142578125,425.9935302734375,64.0,up_fast,17,up_fast,575,0,-2.8992362022399902,-2.8992362022399902,,-0.095916748046875,,observed_bullet_overlap,robust_action_set_exhausted_before_hit,4,8,0,,fast_mode,True
LUN-S7-F37608-T1,post_respawn_discovery_sample,37608,162,神宝「サラマンダーシールド」,364.3306579589844,401.8902587890625,50.0,up_left_fast,81,up_left_fast,534,16,-5.285289151381031,-7.8101822246180825,,42.11433270483683,-6.361649452856211,observed_laser_overlap,robust_action_set_exhausted_before_hit,7,7,0,,fast_mode,True
LUN-S7-F38356-T1,post_respawn_discovery_sample,38356,162,神宝「サラマンダーシールド」,40.74822235107422,357.7694091796875,43.0,down_left_fast,97,down_left_fast,558,28,-6.766795831096218,-8.206979257201052,,9.738394705788206,-6.39822639344896,observed_laser_overlap,robust_action_set_exhausted_before_hit,20,34,0,,fast_mode,True
LUN-S7-F38756-T1,post_respawn_discovery_sample,38756,162,神宝「サラマンダーシールド」,34.98653793334961,308.39154052734375,27.0,up_fast,17,up_fast,496,32,-5.876871585845947,-8.307342061372573,,-1.9201240539550781,-0.38154718977981616,observed_multiple_hazard_overlap,robust_action_set_exhausted_before_hit,17,17,0,,fast_mode,True
LUN-S7-F39838-T1,post_respawn_discovery_sample,39838,162,神宝「サラマンダーシールド」,89.22001647949219,420.176513671875,21.0,up_right_fast,145,up_right,570,28,-6.147591250810974,-8.235458103491643,,51.991667660549915,-2.443602690639933,observed_laser_overlap,robust_action_set_exhausted_before_hit,9,12,0,,fast_mode,True
LUN-S7-F40166-T1,post_respawn_discovery_sample,40166,162,神宝「サラマンダーシールド」,356.11309814453125,337.67388916015625,5.0,up_left,85,right_fast,466,32,-5.508450700416491,-7.91286645962607,,5.86346435546875,-6.7570729408666,observed_laser_overlap,robust_action_set_exhausted_before_hit,12,24,0,,,True
LUN-S7-F46704-T1,post_respawn_discovery_sample,46704,166,神宝「ライフスプリングインフィニティ」,8.0,19.474895477294922,1.0,down_fast,33,up,262,52,-2.757880210876465,-2.757880210876465,,4.77285676310104,52.44323719902879,modeled_committed_prefix_collision,robust_action_set_exhausted_before_hit,0,4,0,,playfield_boundary;fast_mode,True
LUN-S7-F47170-T1,post_respawn_discovery_sample,47170,166,神宝「ライフスプリングインフィニティ」,237.2750701904297,429.875,8.0,up_fast,17,up_left_fast,326,52,-2.265551805496216,-5.7784703912880495,,-1.168060302734375,4.905494391734809,observed_bullet_overlap,robust_action_set_exhausted_before_hit,3,10,0,,playfield_boundary;fast_mode,True
LUN-S7-F47712-T1,post_respawn_discovery_sample,47712,166,神宝「ライフスプリングインフィニティ」,217.67178344726562,425.10003662109375,10.0,up_fast,17,up,459,52,-2.2958126068115234,-5.906203392210915,,3.068572998046875,4.984106392332375,modeled_committed_prefix_collision,robust_action_set_exhausted_before_hit,0,3,0,,fast_mode,True
LUN-S7-F48312-T1,post_respawn_discovery_sample,48312,166,神宝「ライフスプリングインフィニティ」,208.263427734375,424.48895263671875,1.0,up_fast,17,up,440,52,-2.996480941772461,-3.2559123091011677,,-0.7237548828125,1.478423768044137,observed_bullet_overlap,robust_action_set_exhausted_before_hit,20,86,0,,fast_mode,True
LUN-S7-F52267-T1,post_respawn_discovery_sample,52267,170,神宝「蓬莱の玉の枝  -夢色の郷-」,346.09307861328125,418.1168212890625,18.0,left_fast,65,up_left,563,0,1.7065073251724243,-2.2304129600524902,,-1.884002685546875,,observed_bullet_overlap,robust_action_set_exhausted_before_hit,7,15,0,,fast_mode,True
LUN-S7-F52743-T1,post_respawn_discovery_sample,52743,170,神宝「蓬莱の玉の枝  -夢色の郷-」,8.952695846557617,406.87603759765625,14.0,down_right,165,up_fast,562,0,-2.543017625808716,-2.543017625808716,,1.3881711959838867,,modeled_committed_prefix_collision,robust_action_set_exhausted_before_hit,0,2,0,,playfield_boundary,True
LUN-S7-F53175-T1,post_respawn_discovery_sample,53175,170,神宝「蓬莱の玉の枝  -夢色の郷-」,128.56605529785156,415.0245361328125,12.0,up_right,149,up_left_fast,583,0,-0.785863995552063,-1.3285573720932007,,0.843719482421875,,modeled_committed_prefix_collision,robust_action_set_exhausted_before_hit,0,8,0,,,True
LUN-S7-F56004-T1,post_respawn_discovery_sample,56004,170,神宝「蓬莱の玉の枝  -夢色の郷-」,212.0034637451172,213.16102600097656,12.0,right_fast,129,right_fast,595,0,-3.2194855213165283,-3.2194855213165283,,1.6677398681640625,,modeled_committed_prefix_collision,robust_action_set_exhausted_before_hit,0,7,0,,fast_mode,True
LUN-S7-F56499-T1,post_respawn_discovery_sample,56499,170,神宝「蓬莱の玉の枝  -夢色の郷-」,14.185280799865723,432.0,9.0,up_fast,17,left_fast,585,0,1.2349345684051514,1.2349345684051514,,3.924072265625,,sensor_gap_or_unmodeled_hazard,robust_action_set_exhausted_before_hit,0,5,0,,playfield_boundary;fast_mode,True
LUN-S7-F59284-T1,post_respawn_discovery_sample,59284,174,「永夜返し  -待宵-」,26.304088592529297,427.4305419921875,18.0,stay,1,up_right_fast,898,0,-2.269685745239258,-2.269685745239258,,3.8283241662198564,,modeled_committed_prefix_collision,robust_action_set_exhausted_before_hit,0,5,0,,,True
LUN-S7-F68030-T1,post_respawn_discovery_sample,68030,186,「永夜返し  -寅の四つ-」,10.177597045898438,432.0,18.0,right_fast,129,right_fast,1062,0,-2.5949454307556152,-2.5949454307556152,,8.080328245462166,,modeled_committed_prefix_collision,robust_action_set_exhausted_before_hit,0,7,0,,playfield_boundary;pool_density_over_1000;fast_mode,True
LUN-S7-F71858-T1,post_respawn_discovery_sample,71858,190,「永夜返し  -世明け-」,19.72224235534668,426.83349609375,18.0,right_fast,129,right_fast,610,0,-2.298236131668091,-2.4446768760681152,,-1.7694149017333984,,observed_bullet_overlap,robust_action_set_exhausted_before_hit,2,8,0,,fast_mode,True
