case_id,frame,trace_index,stage_route_index,stage_label,player_x,player_y,bombs,power,observed_bomb_cost,deathbomb_requested,active_bullets,active_lasers,active_items,pipeline_clearance_at_hit,minimum_pipeline_clearance_240f,minimum_corridor_slack_240f,action_lag,action,nearest_bullet_slot,nearest_bullet_clearance,nearest_laser_slot,nearest_laser_clearance,primary_cause_class,contributing_factors,spell_id,spell_name,spell_attribution_status
LUN-S0-F5028-T1,5028,0,0,Stage 1,8.658077239990234,389.15509033203125,3.0,44.0,2.0,True,290,0,0,12.510821342468262,-0.7566415071487427,-12.218559587948377,1,down_fast+deathbomb,1286,16.049171447753906,,,sensor_gap_or_unmodeled_hazard,playfield_boundary;corridor_deadline_miss;fast_mode,,,unresolved_current_trace_schema
LUN-S0-F18320-T1,18320,0,0,Stage 1,372.0,426.442626953125,1.0,49.0,1.0,True,590,0,0,2.653759717941284,-1.7272390127182007,-11.010327832096529,1,left_fast+deathbomb,656,-1.025238037109375,,,observed_bullet_overlap,playfield_boundary;corridor_deadline_miss;fast_mode,,,unresolved_current_trace_schema
LUN-S1-F21214-T1,21214,0,1,Stage 2,365.1449279785156,425.65814208984375,0.0,86.0,0.0,False,183,0,0,2.0856733322143555,-1.390569806098938,-22.591549994011345,2,up_left_fast,629,-1.10772705078125,,,observed_bullet_overlap,corridor_deadline_miss;fast_mode,,,unresolved_current_trace_schema
LUN-S1-F22343-T1,22343,0,1,Stage 2,240.11495971679688,75.45347595214844,4.0,95.0,2.0,True,353,0,519,17.21331787109375,1.297228455543518,-26.10614983660072,2,down_left+deathbomb,368,17.074344824908255,,,sensor_gap_or_unmodeled_hazard,corridor_deadline_miss,,,unresolved_current_trace_schema
LUN-S1-F24595-T1,24595,0,1,Stage 2,69.82966613769531,432.0,2.0,98.0,2.0,True,281,0,31,9.197145462036133,-0.769903302192688,-13.142593273582513,3,up+deathbomb,870,12.524463030996388,,,sensor_gap_or_unmodeled_hazard,playfield_boundary;corridor_deadline_miss,,,unresolved_current_trace_schema
LUN-S1-F30969-T1,30969,0,1,Stage 2,117.44390869140625,402.79449462890625,0.0,105.0,0.0,False,414,0,0,21.27046012878418,1.3938852548599243,-13.766407279187266,2,down_left_fast,1247,21.315663178524296,,,sensor_gap_or_unmodeled_hazard,corridor_deadline_miss;fast_mode,,,unresolved_current_trace_schema
LUN-S2-F47372-T1,47372,0,2,Stage 3,198.7180633544922,416.6497802734375,3.0,128.0,2.0,True,281,0,1,-2.4265804290771484,-2.4265804290771484,-19.77779889039258,1,up_fast+deathbomb,50,4.2232666015625,,,modeled_committed_prefix_collision,corridor_deadline_miss;fast_mode,,,unresolved_current_trace_schema
LUN-S2-F48301-T1,48301,0,2,Stage 3,332.37896728515625,402.81878662109375,1.0,128.0,1.0,True,294,0,0,1.9997069835662842,-1.9885915517807007,-35.896531331362766,1,up_left_fast+deathbomb,397,-1.64215087890625,,,observed_bullet_overlap,corridor_deadline_miss;fast_mode,,,unresolved_current_trace_schema
LUN-S2-F49172-T1,49172,0,2,Stage 3,375.41156005859375,398.56427001953125,0.0,128.0,0.0,False,836,0,0,-3.513201951980591,-3.513201951980591,-29.11549024529328,3,up_right_fast,1121,-0.5885009765625,,,observed_bullet_overlap,playfield_boundary;corridor_deadline_miss;fast_mode,,,unresolved_current_trace_schema
LUN-S2-F50035-T1,50035,0,2,Stage 3,36.22452926635742,431.720947265625,3.0,113.0,2.0,True,707,0,0,-3.121752977371216,-3.121752977371216,-31.61952775995981,2,down_right_fast+deathbomb,119,1.0782470703125,,,modeled_committed_prefix_collision,playfield_boundary;corridor_deadline_miss;fast_mode,,,unresolved_current_trace_schema
LUN-S2-F54974-T1,54974,0,2,Stage 3,109.73238372802734,398.35845947265625,2.0,128.0,2.0,True,417,0,0,-0.19313354790210724,-2.1455512046813965,-3.894800288012526,2,up_fast+deathbomb,1024,-1.79913330078125,,,observed_bullet_overlap,corridor_deadline_miss;fast_mode,,,unresolved_current_trace_schema
LUN-S2-F58164-T1,58164,0,2,Stage 3,20.87903594970703,427.4000244140625,0.0,128.0,0.0,False,473,0,0,0.3821151852607727,-2.5875301361083984,-6.263955829600825,1,right_fast,1496,-2.304718017578125,,,observed_bullet_overlap,corridor_deadline_miss;fast_mode,,,unresolved_current_trace_schema
LUN-S2-F62153-T1,62153,0,2,Stage 3,238.15826416015625,401.35906982421875,3.0,121.0,2.0,True,162,0,0,0.6106231808662415,-2.6031241416931152,-7.859971582889557,2,up_left_fast+deathbomb,579,-0.630401611328125,,,observed_bullet_overlap,corridor_deadline_miss;fast_mode,,,unresolved_current_trace_schema
LUN-S2-F64242-T1,64242,0,2,Stage 3,118.60623168945312,406.058837890625,1.0,121.0,1.0,True,430,0,4,4.801526069641113,3.1501412391662598,-16.447183563651933,2,down+deathbomb,1294,1.00152587890625,,,sensor_gap_or_unmodeled_hazard,corridor_deadline_miss,,,unresolved_current_trace_schema
LUN-S2-F66537-T1,66537,0,2,Stage 3,132.38124084472656,432.0,0.0,128.0,0.0,False,325,180,0,-5.972345352172852,-5.972345352172852,-3.470095120160252,10,left_fast,197,16.65996729261744,117,-3.865143816584487,observed_laser_overlap,playfield_boundary;corridor_deadline_miss;action_lag_over_model;fast_mode,,,unresolved_current_trace_schema
LUN-S2-F66833-T1,66833,0,2,Stage 3,265.0001220703125,388.0,3.0,113.0,2.0,True,280,200,5,5.185611724853516,-6.676250457763672,,9,up_fast+deathbomb,1094,4.777240163412289,88,4.720176051311096,active_laser_without_observed_overlap,action_lag_over_model;fast_mode,,,unresolved_current_trace_schema
LUN-S2-F67217-T1,67217,0,2,Stage 3,376.0,312.0,1.0,125.0,1.0,True,332,200,0,-5.553582191467285,-6.091619968414307,,9,up_fast+deathbomb,669,6.964104465344163,147,2.602666733805224,modeled_committed_prefix_collision,playfield_boundary;action_lag_over_model;fast_mode,,,unresolved_current_trace_schema
LUN-S2-F67562-T1,67562,0,2,Stage 3,376.0,361.0022888183594,0.0,125.0,0.0,False,296,190,20,3.234889507293701,-6.610172748565674,,11,up_left_fast,1517,14.59600830078125,94,3.5121285892640586,active_laser_without_observed_overlap,playfield_boundary;action_lag_over_model;fast_mode,,,unresolved_current_trace_schema
LUN-S2-F67877-T1,67877,0,2,Stage 3,8.0,432.0,3.0,109.0,2.0,True,306,190,4,-2.441577196121216,-6.532231330871582,,9,right_fast+deathbomb,825,0.15716552734375,63,1.6980196808883212,modeled_committed_prefix_collision,playfield_boundary;action_lag_over_model;fast_mode,,,unresolved_current_trace_schema
LUN-S3-F69798-T1,69798,0,3,Stage 4A / Reimu,10.850739479064941,388.09552001953125,1.0,124.0,1.0,True,465,0,0,5.38268518447876,1.163842797279358,-13.921379548607291,2,down_right+deathbomb,295,2.5828118601498242,,,sensor_gap_or_unmodeled_hazard,playfield_boundary;corridor_deadline_miss,,,unresolved_current_trace_schema
LUN-S3-F71971-T1,71971,0,3,Stage 4A / Reimu,288.5403137207031,432.0,0.0,128.0,0.0,False,328,0,550,-1.411932110786438,-1.411932110786438,-20.73392270804527,2,up_fast,1380,3.57135009765625,,,modeled_committed_prefix_collision,playfield_boundary;corridor_deadline_miss;fast_mode,,,unresolved_current_trace_schema
LUN-S3-F72620-T1,72620,0,3,Stage 4A / Reimu,356.20098876953125,406.61590576171875,3.0,113.0,2.0,True,1079,0,26,-4.530535697937012,-4.530535697937012,-10.140676472447016,2,up_left_fast+deathbomb,189,-1.8751220703125,,,observed_bullet_overlap,corridor_deadline_miss;pool_density_over_1000;fast_mode,,,unresolved_current_trace_schema
LUN-S3-F76867-T1,76867,0,3,Stage 4A / Reimu,122.64364624023438,347.9264221191406,1.0,124.0,1.0,True,216,0,6,17.885982513427734,10.799365043640137,-7.520844173262731,2,down+deathbomb,388,16.78345679584532,,,sensor_gap_or_unmodeled_hazard,corridor_deadline_miss,,,unresolved_current_trace_schema
LUN-S3-F77451-T1,77451,0,3,Stage 4A / Reimu,163.3986358642578,370.5431213378906,0.0,124.0,0.0,False,713,0,2,57.68353271484375,8.474374771118164,-9.26535536492229,2,up_fast,1139,63.88104266040475,,,sensor_gap_or_unmodeled_hazard,corridor_deadline_miss;fast_mode,,,unresolved_current_trace_schema
LUN-S3-F77925-T1,77925,0,3,Stage 4A / Reimu,208.40623474121094,335.1689453125,3.0,111.0,2.0,True,746,0,0,50.741859436035156,11.705327987670898,-4.196563396902121,1,down_right+deathbomb,596,48.390291428954505,,,sensor_gap_or_unmodeled_hazard,corridor_deadline_miss,,,unresolved_current_trace_schema
LUN-S3-F78395-T1,78395,0,3,Stage 4A / Reimu,290.1046142578125,379.2411193847656,1.0,111.0,1.0,True,746,0,3,19.491802215576172,16.5397891998291,-8.15021782831802,1,left_fast+deathbomb,368,31.312964330139195,,,sensor_gap_or_unmodeled_hazard,corridor_deadline_miss;fast_mode,,,unresolved_current_trace_schema
LUN-S3-F79563-T1,79563,0,3,Stage 4A / Reimu,29.290668487548828,432.0,0.0,111.0,0.0,False,594,0,42,-2.998673915863037,-2.998673915863037,-13.887162380071643,2,up_fast,761,0.9305000305175781,,,modeled_committed_prefix_collision,playfield_boundary;corridor_deadline_miss;fast_mode,,,unresolved_current_trace_schema
LUN-S3-F79866-T1,79866,0,3,Stage 4A / Reimu,267.52435302734375,372.45050048828125,3.0,96.0,2.0,True,509,0,5,49.51935577392578,3.5231945514678955,-21.538481662015627,2,down_right_fast+deathbomb,366,49.82376355997325,,,sensor_gap_or_unmodeled_hazard,corridor_deadline_miss;fast_mode,,,unresolved_current_trace_schema
LUN-S3-F87358-T1,87358,0,3,Stage 4A / Reimu,37.8611946105957,416.60308837890625,1.0,128.0,1.0,True,613,0,0,-0.008429720997810364,-3.3482604026794434,-4.782009541988373,2,up_left_fast+deathbomb,1220,-3.001850128173828,,,observed_bullet_overlap,corridor_deadline_miss;fast_mode,,,unresolved_current_trace_schema
LUN-S3-F88067-T1,88067,0,3,Stage 4A / Reimu,34.706058502197266,396.2669677734375,0.0,128.0,0.0,False,840,0,0,-2.3050785064697266,-2.3050785064697266,-17.86851858678387,2,up_fast,1071,5.912567138671875,,,modeled_committed_prefix_collision,corridor_deadline_miss;fast_mode,,,unresolved_current_trace_schema
LUN-S3-F88503-T1,88503,0,3,Stage 4A / Reimu,26.666189193725586,429.88848876953125,3.0,113.0,2.0,True,961,0,0,-3.5376944541931152,-3.5376944541931152,-22.70785767298041,2,down_fast+deathbomb,120,-1.78448486328125,,,observed_bullet_overlap,playfield_boundary;corridor_deadline_miss;fast_mode,,,unresolved_current_trace_schema
LUN-S3-F96572-T1,96572,0,3,Stage 4A / Reimu,32.446502685546875,429.19244384765625,1.0,116.0,1.0,True,1238,0,2,-2.4178993701934814,-2.4178993701934814,-16.413796292435855,3,down_right_fast+deathbomb,572,0.2265625,,,modeled_committed_prefix_collision,playfield_boundary;corridor_deadline_miss;pool_density_over_1000;fast_mode,,,unresolved_current_trace_schema
LUN-S3-F97473-T1,97473,0,3,Stage 4A / Reimu,61.84828186035156,419.0599365234375,0.0,116.0,0.0,False,1280,0,0,-0.17369385063648224,-0.21954858303070068,-21.96868764976344,2,up_fast,392,-3.5174713134765625,,,observed_bullet_overlap,corridor_deadline_miss;pool_density_over_1000;fast_mode,,,unresolved_current_trace_schema
LUN-S3-F98209-T1,98209,0,3,Stage 4A / Reimu,346.20654296875,427.71453857421875,3.0,101.0,2.0,True,1208,0,3,3.3876595497131348,2.6346287727355957,-11.14503618716956,2,up_fast+deathbomb,821,2.6154414273746966,,,sensor_gap_or_unmodeled_hazard,corridor_deadline_miss;pool_density_over_1000;fast_mode,,,unresolved_current_trace_schema
LUN-S3-F101510-T1,101510,0,3,Stage 4A / Reimu,174.30523681640625,272.1340026855469,1.0,101.0,1.0,True,145,0,0,52.075443267822266,6.632996082305908,0.6902837737674368,1,right+deathbomb,838,57.625822338251005,,,sensor_gap_or_unmodeled_hazard,,,,unresolved_current_trace_schema
LUN-S3-F101903-T1,101903,0,3,Stage 4A / Reimu,327.415771484375,282.9459533691406,0.0,101.0,0.0,False,64,0,12,19.814729690551758,4.021211624145508,-13.297957404643974,3,down_left_fast,1123,14.770095422110856,,,sensor_gap_or_unmodeled_hazard,corridor_deadline_miss;fast_mode,,,unresolved_current_trace_schema
LUN-S3-F104277-T1,104277,0,3,Stage 4A / Reimu,372.747314453125,382.97357177734375,3.0,88.0,2.0,True,715,0,135,-0.3755544424057007,-0.3755544424057007,-35.45960015773394,3,down_fast+deathbomb,900,0.69525146484375,,,modeled_committed_prefix_collision,playfield_boundary;corridor_deadline_miss;fast_mode,,,unresolved_current_trace_schema
LUN-S3-F104937-T1,104937,0,3,Stage 4A / Reimu,100.83085632324219,396.609619140625,1.0,88.0,1.0,True,638,0,84,-1.8026306629180908,-1.8026306629180908,-27.452637432875314,2,down_right_fast+deathbomb,1510,0.377838134765625,,,modeled_committed_prefix_collision,corridor_deadline_miss;fast_mode,,,unresolved_current_trace_schema
LUN-S3-F108839-T1,108839,0,3,Stage 4A / Reimu,339.5443420410156,344.867431640625,0.0,102.0,0.0,False,1273,0,0,-1.5702698230743408,-1.5702698230743408,-14.609727937473863,2,left_fast,789,1.458160400390625,,,modeled_committed_prefix_collision,corridor_deadline_miss;pool_density_over_1000;fast_mode,,,unresolved_current_trace_schema
LUN-S3-F109568-T1,109568,0,3,Stage 4A / Reimu,185.6409149169922,334.6728515625,3.0,88.0,2.0,True,1345,0,90,-1.2657827138900757,-1.2657827138900757,-8.6540610030466,3,left_fast+deathbomb,1211,-1.0958251953125,,,observed_bullet_overlap,corridor_deadline_miss;pool_density_over_1000;fast_mode,,,unresolved_current_trace_schema
LUN-S5-F110998-T1,110998,0,5,Stage 5,41.923248291015625,413.9141845703125,1.0,93.0,1.0,True,517,0,0,-1.5576660633087158,-3.2325797080993652,-24.936042057383737,2,down_left_fast+deathbomb,601,-1.357666015625,,,observed_bullet_overlap,corridor_deadline_miss;fast_mode,,,unresolved_current_trace_schema
LUN-S5-F112405-T1,112405,0,5,Stage 5,305.6629638671875,416.0,0.0,98.0,0.0,False,726,0,10,-1.0688527822494507,-1.0688527822494507,-11.719076537382762,3,down_left_fast,35,-0.723236083984375,,,observed_bullet_overlap,corridor_deadline_miss;fast_mode,,,unresolved_current_trace_schema
LUN-S5-F113694-T1,113694,0,5,Stage 5,145.2999725341797,418.4146728515625,3.0,98.0,2.0,True,213,0,279,-0.35682982206344604,-0.35682982206344604,-24.021067082881927,2,up_fast+deathbomb,191,-1.062255859375,,,observed_bullet_overlap,corridor_deadline_miss;fast_mode,,,unresolved_current_trace_schema
LUN-S5-F117428-T1,117428,0,5,Stage 5,374.6112060546875,368.74102783203125,1.0,104.0,1.0,True,791,0,0,-3.5026297569274902,-3.6959280967712402,-1.1865145283933316,1,up_fast+deathbomb,1167,-2.80853271484375,,,observed_bullet_overlap,playfield_boundary;corridor_deadline_miss;fast_mode,,,unresolved_current_trace_schema
LUN-S5-F121493-T1,121493,0,5,Stage 5,314.65142822265625,393.460693359375,0.0,104.0,0.0,False,926,0,0,0.501019299030304,0.06743872165679932,-27.169174194335938,3,up_left_fast,978,0.701019287109375,,,sensor_gap_or_unmodeled_hazard,corridor_deadline_miss;fast_mode,,,unresolved_current_trace_schema
LUN-S5-F122795-T1,122795,0,5,Stage 5,374.5810546875,350.30743408203125,3.0,89.0,2.0,True,342,0,5,0.755108654499054,-1.3619741201400757,-31.01292671189603,1,left_fast+deathbomb,624,-1.015594482421875,,,observed_bullet_overlap,playfield_boundary;corridor_deadline_miss;fast_mode,,,unresolved_current_trace_schema
LUN-S5-F124723-T1,124723,0,5,Stage 5,39.78089141845703,421.31890869140625,1.0,95.0,1.0,True,283,0,15,1.2335708141326904,-2.0611319541931152,-1.274268253493286,2,up_left_fast+deathbomb,1416,-1.7147216796875,,,observed_bullet_overlap,corridor_deadline_miss;fast_mode,,,unresolved_current_trace_schema
LUN-S5-F130865-T1,130865,0,5,Stage 5,66.8467788696289,414.022216796875,2.0,107.0,2.0,True,397,0,2,2.442009687423706,-2.7040610313415527,-15.90472199913399,2,left_fast+deathbomb,472,-0.305084228515625,,,observed_bullet_overlap,corridor_deadline_miss;fast_mode,,,unresolved_current_trace_schema
LUN-S5-F131708-T1,131708,0,5,Stage 5,336.026123046875,422.76739501953125,0.0,107.0,0.0,False,426,0,8,0.687207043170929,-0.3028310537338257,-22.045008980151366,3,up_left_fast,204,-0.8653564453125,,,observed_bullet_overlap,corridor_deadline_miss;fast_mode,,,unresolved_current_trace_schema
LUN-S5-F134052-T1,134052,0,5,Stage 5,34.5053825378418,418.0301513671875,3.0,100.0,2.0,True,1496,0,15,-2.720599412918091,-2.720599412918091,-10.79632319730727,3,left_fast+deathbomb,1373,-3.393157958984375,,,observed_bullet_overlap,corridor_deadline_miss;pool_density_over_1000;fast_mode,,,unresolved_current_trace_schema
LUN-S5-F135735-T1,135735,0,5,Stage 5,340.0,422.38629150390625,1.0,100.0,1.0,True,1487,0,30,-1.1379750967025757,-1.1379750967025757,-9.205795947327587,4,down_right_fast+deathbomb,24,13.9073486328125,,,modeled_committed_prefix_collision,corridor_deadline_miss;action_lag_over_model;pool_density_over_1000;fast_mode,,,unresolved_current_trace_schema
LUN-S5-F140177-T1,140177,0,5,Stage 5,177.75576782226562,432.0,0.0,100.0,0.0,False,1011,0,46,-5.0636162757873535,-5.0636162757873535,,3,left_fast,1145,6.079742431640625,,,modeled_committed_prefix_collision,playfield_boundary;pool_density_over_1000;fast_mode,,,unresolved_current_trace_schema
LUN-S5-F140528-T1,140528,0,5,Stage 5,190.29769897460938,337.00421142578125,3.0,84.0,2.0,True,1004,0,0,-7.769960880279541,-7.769960880279541,,2,up_fast+deathbomb,671,-2.888275146484375,,,observed_bullet_overlap,pool_density_over_1000;fast_mode,,,unresolved_current_trace_schema
LUN-S5-F140994-T1,140994,0,5,Stage 5,210.60009765625,432.0,1.0,84.0,1.0,True,1010,0,18,-1.4988579750061035,-7.4812188148498535,,4,down+deathbomb,155,8.042092077344781,,,modeled_committed_prefix_collision,playfield_boundary;action_lag_over_model;pool_density_over_1000,,,unresolved_current_trace_schema
LUN-S5-F143744-T1,143744,0,5,Stage 5,320.52947998046875,426.3431396484375,0.0,84.0,0.0,False,493,0,0,-1.972631573677063,-3.0887503623962402,-24.395827742059275,2,up_left_fast,972,1.570770263671875,,,modeled_committed_prefix_collision,corridor_deadline_miss;fast_mode,,,unresolved_current_trace_schema
LUN-S5-F144559-T1,144559,0,5,Stage 5,104.39854431152344,418.66534423828125,3.0,77.0,2.0,True,409,0,13,1.1404540538787842,-0.3444722890853882,-17.582964791974838,3,up+deathbomb,113,-1.9671173095703125,,,observed_bullet_overlap,corridor_deadline_miss,,,unresolved_current_trace_schema
LUN-S5-F146226-T1,146226,0,5,Stage 5,201.86647033691406,232.13446044921875,1.0,77.0,1.0,True,245,0,6,-0.12973327934741974,-3.1978507041931152,-3.937838956988003,2,down+deathbomb,463,-2.851409912109375,,,observed_bullet_overlap,corridor_deadline_miss,,,unresolved_current_trace_schema
LUN-S5-F146963-T1,146963,0,5,Stage 5,180.74267578125,224.12574768066406,0.0,77.0,0.0,False,341,0,69,2.0381085872650146,0.025128155946731567,-12.53143459558487,2,stay,84,1.4862060546875,,,sensor_gap_or_unmodeled_hazard,corridor_deadline_miss,,,unresolved_current_trace_schema
LUN-S5-F147679-T1,147679,0,5,Stage 5,185.2822265625,239.0396270751953,3.0,70.0,2.0,True,340,0,0,-1.1097443103790283,-1.5573629140853882,-18.11552744740729,2,right+deathbomb,942,-1.2109375,,,observed_bullet_overlap,corridor_deadline_miss,,,unresolved_current_trace_schema
LUN-S5-F148412-T1,148412,0,5,Stage 5,201.3598175048828,221.13357543945312,1.0,70.0,1.0,True,338,0,108,-1.2118886709213257,-1.2118886709213257,-17.197912665851888,3,up_right_fast+deathbomb,1193,-1.3094329833984375,,,observed_bullet_overlap,corridor_deadline_miss;fast_mode,,,unresolved_current_trace_schema
LUN-S5-F149775-T1,149775,0,5,Stage 5,26.22634506225586,430.47784423828125,0.0,87.0,0.0,False,1157,0,0,-0.26939332485198975,-1.8687585592269897,-16.078361383853554,2,up_fast,740,-1.522348403930664,,,observed_bullet_overlap,playfield_boundary;corridor_deadline_miss;pool_density_over_1000;fast_mode,,,unresolved_current_trace_schema
LUN-S5-F150614-T1,150614,0,5,Stage 5,366.185302734375,424.79229736328125,3.0,73.0,2.0,True,1173,0,0,-1.3341248035430908,-1.3341248035430908,-11.166056349305606,2,up_fast+deathbomb,1516,0.311279296875,,,modeled_committed_prefix_collision,corridor_deadline_miss;pool_density_over_1000;fast_mode,,,unresolved_current_trace_schema
LUN-S7-F161147-T2,161147,1,7,Final B / Kaguya,13.336828231811523,416.92486572265625,4.0,77.0,2.0,True,239,0,1,17.35696792602539,4.487679481506348,-10.652041588851308,1,up_fast+deathbomb,509,15.06645393371582,,,sensor_gap_or_unmodeled_hazard,corridor_deadline_miss;fast_mode,,,unresolved_current_trace_schema
LUN-S7-F163663-T2,163663,1,7,Final B / Kaguya,376.0,432.0,2.0,77.0,2.0,True,723,0,57,-1.2874939441680908,-1.2874939441680908,-13.506097005356779,2,left+deathbomb,247,0.074920654296875,,,modeled_committed_prefix_collision,playfield_boundary;corridor_deadline_miss,,,unresolved_current_trace_schema
LUN-S7-F164288-T2,164288,1,7,Final B / Kaguya,101.34864807128906,48.998722076416016,0.0,77.0,0.0,False,670,0,0,1.7532531023025513,0.968487560749054,-21.62340698299446,2,down_left_fast,1233,5.181396484375,,,sensor_gap_or_unmodeled_hazard,corridor_deadline_miss;fast_mode,,,unresolved_current_trace_schema
LUN-S7-F164994-T2,164994,1,7,Final B / Kaguya,214.49209594726562,27.737972259521484,3.0,63.0,2.0,True,316,0,0,0.9573333859443665,-0.07093179225921631,-10.35725720398531,1,down_fast+deathbomb,965,-1.3352298736572266,,,observed_bullet_overlap,corridor_deadline_miss;fast_mode,,,unresolved_current_trace_schema
LUN-S7-F170663-T2,170663,1,7,Final B / Kaguya,374.63055419921875,432.0,2.0,66.0,2.0,True,1125,0,0,1.8476989269256592,-1.9844106435775757,-38.06812073462115,2,left+deathbomb,849,-1.952301025390625,,,observed_bullet_overlap,playfield_boundary;corridor_deadline_miss;pool_density_over_1000,,,unresolved_current_trace_schema
LUN-S7-F171585-T2,171585,1,7,Final B / Kaguya,39.60929489135742,426.31768798828125,0.0,66.0,0.0,False,1126,0,0,1.8046060800552368,-1.1981252431869507,-33.04478753399653,2,up_right,935,2.4533424377441406,,,sensor_gap_or_unmodeled_hazard,corridor_deadline_miss;pool_density_over_1000,,,unresolved_current_trace_schema
LUN-S7-F172681-T2,172681,1,7,Final B / Kaguya,376.0,431.96661376953125,3.0,61.0,2.0,True,1161,0,0,-3.0595145225524902,-3.0595145225524902,-21.25636523962021,3,up_left_fast+deathbomb,722,6.650969737559706,,,modeled_committed_prefix_collision,playfield_boundary;corridor_deadline_miss;pool_density_over_1000;fast_mode,,,unresolved_current_trace_schema
LUN-S7-F173355-T2,173355,1,7,Final B / Kaguya,198.00006103515625,432.0,1.0,61.0,1.0,True,68,160,2,-7.59815788269043,-7.59815788269043,-4.300018310546875,8,right_fast+deathbomb,271,122.70279385779835,104,-1.4914099810698858,observed_laser_overlap,playfield_boundary;corridor_deadline_miss;action_lag_over_model;fast_mode,,,unresolved_current_trace_schema
LUN-S7-F173733-T2,173733,1,7,Final B / Kaguya,66.7491455078125,432.0,0.0,61.0,0.0,False,78,205,14,11.707880973815918,-7.881203651428223,,11,right_fast,411,24.584556579589844,91,15.241787569016811,active_laser_without_observed_overlap,playfield_boundary;action_lag_over_model;fast_mode,,,unresolved_current_trace_schema
LUN-S7-F174091-T2,174091,1,7,Final B / Kaguya,216.85333251953125,432.0,3.0,47.0,2.0,True,92,220,0,-1.780730128288269,-7.574550628662109,,11,stay+deathbomb,580,57.222686767578125,64,-5.377859413905933,observed_laser_overlap,playfield_boundary;action_lag_over_model,,,unresolved_current_trace_schema
LUN-S7-F174419-T2,174419,1,7,Final B / Kaguya,103.38861846923828,307.48095703125,1.0,47.0,1.0,True,30,225,5,-5.083659648895264,-7.962943077087402,,10,down_fast+deathbomb,832,141.9680457930197,39,-6.179665514349119,observed_laser_overlap,action_lag_over_model;fast_mode,,,unresolved_current_trace_schema
LUN-S7-F177723-T2,177723,1,7,Final B / Kaguya,156.9077606201172,431.88275146484375,0.0,52.0,0.0,False,440,0,11,-3.5510311126708984,-3.5510311126708984,-16.06403900543264,2,down_left_fast,889,3.11029052734375,,,modeled_committed_prefix_collision,playfield_boundary;corridor_deadline_miss;fast_mode,,,unresolved_current_trace_schema
LUN-S7-F180491-T2,180491,1,7,Final B / Kaguya,242.2543487548828,420.686279296875,3.0,46.0,2.0,True,144,33,0,-3.393759250640869,-4.713473320007324,,2,stay+deathbomb,1486,28.9993896484375,4,-6.361358204147498,observed_laser_overlap,,,,unresolved_current_trace_schema
LUN-S7-F181287-T2,181287,1,7,Final B / Kaguya,209.89306640625,432.0,1.0,46.0,1.0,True,243,66,13,0.6172128915786743,-0.5039646625518799,,4,right_fast+deathbomb,799,13.321197509765625,14,4.568304049055698,active_laser_without_observed_overlap,playfield_boundary;action_lag_over_model;fast_mode,,,unresolved_current_trace_schema
LUN-S7-F187413-T2,187413,1,7,Final B / Kaguya,312.750244140625,400.8115234375,0.0,51.0,0.0,False,562,32,0,-3.8352270126342773,-8.177903175354004,-34.27334827184677,3,stay,269,36.73571355011705,13,-5.367272429531633,observed_laser_overlap,corridor_deadline_miss,,,unresolved_current_trace_schema
LUN-S7-F187845-T2,187845,1,7,Final B / Kaguya,8.0,389.31463623046875,3.0,35.0,2.0,True,542,28,0,-7.684327125549316,-7.684327125549316,9.97942584518536,3,right_fast+deathbomb,1253,2.458709716796875,11,-6.8777137478919625,observed_laser_overlap,playfield_boundary;fast_mode,,,unresolved_current_trace_schema
LUN-S7-F188331-T2,188331,1,7,Final B / Kaguya,373.17156982421875,432.0,1.0,35.0,1.0,True,540,28,8,-7.285324573516846,-7.513557434082031,-5.841605548981434,3,up_fast+deathbomb,534,87.34256109734062,6,-6.539700862942329,observed_laser_overlap,playfield_boundary;corridor_deadline_miss;fast_mode,,,unresolved_current_trace_schema
LUN-S7-F188689-T2,188689,1,7,Final B / Kaguya,183.12782287597656,108.44975280761719,0.0,35.0,0.0,False,302,28,14,-3.912574529647827,-7.76751708984375,-20.58083361970771,3,down_fast,752,124.45199562999275,14,-6.999999802634785,observed_laser_overlap,corridor_deadline_miss;fast_mode,,,unresolved_current_trace_schema
LUN-S7-F189223-T2,189223,1,7,Final B / Kaguya,92.98506164550781,432.0,3.0,20.0,2.0,True,522,28,0,-6.423390865325928,-7.841641426086426,-9.73503062291865,2,left+deathbomb,10,28.658398843782155,3,-5.711775082657733,observed_laser_overlap,playfield_boundary;corridor_deadline_miss,,,unresolved_current_trace_schema
LUN-S7-F195434-T2,195434,1,7,Final B / Kaguya,150.4307403564453,202.4835968017578,1.0,25.0,1.0,True,330,52,0,-4.3277997970581055,-6.7865447998046875,,3,up_right_fast+deathbomb,1197,23.55079375414458,37,-4.8443973782521415,observed_laser_overlap,fast_mode,,,unresolved_current_trace_schema
LUN-S7-F195845-T2,195845,1,7,Final B / Kaguya,325.8287048339844,16.0,0.0,25.0,0.0,False,345,52,15,1.4203745126724243,-7.06071662902832,,4,down_left,888,16.7418283386674,17,9.8337384515657,active_laser_without_observed_overlap,action_lag_over_model,,,unresolved_current_trace_schema
LUN-S7-F196247-T2,196247,1,7,Final B / Kaguya,132.8584442138672,409.18634033203125,3.0,10.0,2.0,True,416,52,0,0.40772706270217896,-7.177160263061523,,4,down_left+deathbomb,1318,-1.1348876953125,29,0.8571990192862877,observed_bullet_overlap,action_lag_over_model,,,unresolved_current_trace_schema
LUN-S7-F199039-T2,199039,1,7,Final B / Kaguya,15.74797534942627,426.3431396484375,1.0,25.0,1.0,True,284,0,0,-3.458874464035034,-4.3052544593811035,-16.326462479074046,1,up_right_fast+deathbomb,977,1.5062255859375,,,modeled_committed_prefix_collision,corridor_deadline_miss;fast_mode,,,unresolved_current_trace_schema
LUN-S7-F199814-T2,199814,1,7,Final B / Kaguya,282.7535400390625,250.064208984375,0.0,25.0,0.0,False,594,0,24,0.07526855170726776,-1.7005971670150757,-11.911247351176016,3,up_left_fast,922,-2.26513671875,,,observed_bullet_overlap,corridor_deadline_miss;fast_mode,,,unresolved_current_trace_schema
LUN-S7-F200492-T2,200492,1,7,Final B / Kaguya,125.91697692871094,317.072509765625,3.0,19.0,2.0,True,560,0,0,0.07368163764476776,-0.16574609279632568,-29.973359855568525,2,up+deathbomb,1471,-2.02630615234375,,,observed_bullet_overlap,corridor_deadline_miss,,,unresolved_current_trace_schema
LUN-S7-F201242-T2,201242,1,7,Final B / Kaguya,128.1778106689453,274.7918701171875,1.0,19.0,1.0,True,566,0,0,2.6245064735412598,-0.585375964641571,-14.12946670020525,2,up_left+deathbomb,668,0.4118804931640625,,,sensor_gap_or_unmodeled_hazard,corridor_deadline_miss,,,unresolved_current_trace_schema
LUN-S7-F201875-T2,201875,1,7,Final B / Kaguya,119.45263671875,271.1284484863281,0.0,19.0,0.0,False,554,0,89,-2.331317186355591,-2.331317186355591,-6.027426791427853,2,down_fast,1068,-3.2068939208984375,,,observed_bullet_overlap,corridor_deadline_miss;fast_mode,,,unresolved_current_trace_schema
LUN-S7-F202617-T2,202617,1,7,Final B / Kaguya,365.82525634765625,409.05206298828125,3.0,14.0,2.0,True,565,0,0,-1.1703979969024658,-3.0207266807556152,-16.82871624495055,2,left_fast+deathbomb,1216,-2.674346923828125,,,observed_bullet_overlap,corridor_deadline_miss;fast_mode,,,unresolved_current_trace_schema
LUN-S7-F203556-T2,203556,1,7,Final B / Kaguya,140.38552856445312,431.96173095703125,1.0,14.0,1.0,True,568,0,0,-2.3843109607696533,-2.9034934043884277,-15.007244109667056,2,up_right_fast+deathbomb,106,-0.581817626953125,,,observed_bullet_overlap,playfield_boundary;corridor_deadline_miss;fast_mode,,,unresolved_current_trace_schema
