case_id,frame,trace_index,stage_route_index,stage_label,player_x,player_y,bombs,power,observed_bomb_cost,post_hit_bomb_stock_decrease,deathbomb_requested,active_bullets,active_lasers,active_items,pipeline_clearance_at_hit,minimum_pipeline_clearance_240f,minimum_corridor_slack_240f,action_lag,action,nearest_bullet_slot,nearest_bullet_clearance,nearest_laser_slot,nearest_laser_clearance,primary_cause_class,planner_failure_class,usable_robust_warning_lead_frames,usable_viability_warning_lead_frames,viability_kernel_exhausted_at_frame,contributing_factors,spell_id,spell_name,spell_attribution_status
LUN-S0-F2022-T1,2022,0,0,Stage 1,376.0,16.0,3.0,5.0,0.0,0.0,False,222,0,0,-3.3072845935821533,-3.3072845935821533,-2.2320925778214757,3,down_fast,1434,-0.8927154541015625,,,observed_bullet_overlap,global_viability_kernel_exhausted_before_hit,17,27,1995,playfield_boundary;corridor_deadline_miss;fast_mode,,,no_active_spell_at_hit
LUN-S0-F6800-T1,6800,0,0,Stage 1,376.0,432.0,3.0,7.0,0.0,0.0,False,83,0,12,-3.0499935150146484,-3.0499935150146484,2.5848825185919804,3,up_fast,1144,4.011627197265625,,,modeled_committed_prefix_collision,global_viability_kernel_exhausted_before_hit,4,161,6639,playfield_boundary;fast_mode,,,no_active_spell_at_hit
LUN-S0-F14412-T1,14412,0,0,Stage 1,15.077816009521484,343.05572509765625,3.0,4.0,0.0,0.0,False,453,0,105,-0.9592584371566772,-2.8957877159118652,,1,down_left_fast,1006,-1.5360107421875,,,observed_bullet_overlap,global_viability_kernel_exhausted_before_hit,27,94,14318,,5,灯符「ファイヤフライフェノメノン」,resolved_live_spell_state
LUN-S1-F23386-T1,23386,0,1,Stage 2,98.44387817382812,412.86102294921875,3.0,11.0,0.0,0.0,False,159,0,0,-3.0521597862243652,-3.0521597862243652,-8.889031410217285,2,left_fast,1484,3.1737518310546875,,,modeled_committed_prefix_collision,global_viability_kernel_exhausted_before_hit,5,70,23316,corridor_deadline_miss;fast_mode,,,no_active_spell_at_hit
LUN-S1-F25724-T1,25724,0,1,Stage 2,329.2303466796875,432.0,3.0,1.0,0.0,0.0,False,206,0,1,-2.435565233230591,-2.5819449424743652,-22.866844765900645,1,left_fast,353,1.165740966796875,,,modeled_committed_prefix_collision,global_viability_kernel_exhausted_before_hit,10,56,25668,playfield_boundary;corridor_deadline_miss;fast_mode,,,no_active_spell_at_hit
LUN-S1-F33535-T1,33535,0,1,Stage 2,269.8434143066406,370.49261474609375,3.0,3.0,0.0,0.0,False,451,0,11,-2.602374315261841,-2.7487845420837402,7.469530643655295,1,stay,467,0.479248046875,,,modeled_committed_prefix_collision,global_viability_kernel_exhausted_before_hit,4,148,33387,,,,no_active_spell_at_hit
LUN-S1-F39097-T1,39097,0,1,Stage 2,372.747314453125,428.747314453125,3.0,0.0,0.0,0.0,False,114,0,8,-1.2424499988555908,-1.2424499988555908,3.3325671810631583,2,up_left,492,4.435760498046875,,,modeled_committed_prefix_collision,global_viability_kernel_exhausted_before_hit,9,117,38980,playfield_boundary;fast_mode,,,no_active_spell_at_hit
LUN-S2-F45508-T1,45508,0,2,Stage 3,371.4000244140625,428.623779296875,3.0,7.0,0.0,0.0,False,263,0,1,0.2942141592502594,-2.1880855560302734,-4.653106886507782,3,up_left_fast,459,-1.9052734375,,,observed_bullet_overlap,global_viability_kernel_exhausted_before_hit,6,122,45386,playfield_boundary;corridor_deadline_miss,,,no_active_spell_at_hit
LUN-S2-F46718-T1,46718,0,2,Stage 3,326.54339599609375,432.0,3.0,15.0,0.0,0.0,False,491,0,7,-2.1345572471618652,-2.1345572471618652,,2,down_left_fast,1487,0.918182373046875,,,modeled_committed_prefix_collision,global_viability_kernel_exhausted_before_hit,12,239,46479,playfield_boundary,,,no_active_spell_at_hit
LUN-S2-F47098-T1,47098,0,2,Stage 3,361.71630859375,432.0,4.0,5.0,1.0,1.0,False,368,0,11,-3.321990966796875,-3.321990966796875,6.460833183099151,2,up_left,244,1.65618896484375,,,modeled_committed_prefix_collision,global_viability_kernel_exhausted_before_hit,8,76,47022,playfield_boundary;fast_mode,,,no_active_spell_at_hit
LUN-S2-F60307-T1,60307,0,2,Stage 3,52.6485481262207,432.0,4.0,31.0,1.0,1.0,False,224,0,66,-10.864803314208984,-15.049530029296875,-7.0496673583984375,2,up_left_fast,464,3.15934898737071,,,modeled_committed_prefix_collision,global_viability_kernel_exhausted_before_hit,23,128,60179,playfield_boundary;corridor_deadline_miss;fast_mode,38,始符「エフェメラリティ137」,resolved_live_spell_state
LUN-S2-F69538-T1,69538,0,2,Stage 3,16.0,432.0,4.0,25.0,1.0,1.0,False,473,0,0,-2.718667984008789,-3.504920482635498,,2,up_fast,380,1.1225624084472656,,,modeled_committed_prefix_collision,global_viability_kernel_exhausted_before_hit,9,238,69300,playfield_boundary;fast_mode,46,国体「三種の神器　郷」,resolved_live_spell_state
LUN-S2-F70966-T1,70966,0,2,Stage 3,273.4247131347656,411.896240234375,3.0,10.0,0.0,0.0,False,261,170,6,4.173351287841797,2.2609024047851562,-3.267927392696386,10,up_left+deadline_hold,507,26.99005126953125,108,4.163703435526443,active_laser_without_observed_overlap,global_viability_kernel_exhausted_before_hit,0,40,70926,corridor_deadline_miss;action_lag_over_model,50,虚史「幻想郷伝説」,resolved_live_spell_state
LUN-S3-F73877-T1,73877,0,3,Stage 4A / Reimu,376.0,424.0,3.0,5.0,0.0,0.0,False,192,0,16,-1.6067993640899658,-1.7532094717025757,9.502348965157076,2,stay,237,0.33740234375,,,modeled_committed_prefix_collision,global_viability_kernel_exhausted_before_hit,8,170,73707,playfield_boundary,,,no_active_spell_at_hit
LUN-S3-F74300-T1,74300,0,3,Stage 4A / Reimu,8.0,386.72857666015625,4.0,1.0,1.0,1.0,False,474,0,1,-2.4500136375427246,-2.4500136375427246,-2.28928589299953,2,up_left_fast,1471,0.00109100341796875,,,modeled_committed_prefix_collision,global_viability_kernel_exhausted_before_hit,9,86,74214,playfield_boundary;corridor_deadline_miss;fast_mode,,,no_active_spell_at_hit
LUN-S3-F74840-T1,74840,0,3,Stage 4A / Reimu,368.8433837890625,414.60516357421875,3.0,0.0,0.0,0.0,False,300,0,15,-3.275012254714966,-3.275012254714966,-7.162528991699219,1,up_right_fast,1356,0.453857421875,,,modeled_committed_prefix_collision,global_viability_kernel_exhausted_before_hit,14,137,74703,corridor_deadline_miss;fast_mode,,,no_active_spell_at_hit
LUN-S3-F75344-T1,75344,0,3,Stage 4A / Reimu,16.0,423.8682861328125,3.0,0.0,0.0,0.0,False,546,0,2,-3.427590847015381,-3.7628631591796875,11.608271815323963,2,right_fast,543,0.038787841796875,,,modeled_committed_prefix_collision,global_viability_kernel_exhausted_before_hit,16,201,75143,fast_mode,,,no_active_spell_at_hit
LUN-S3-F76548-T1,76548,0,3,Stage 4A / Reimu,376.0,427.4000244140625,3.0,3.0,0.0,0.0,False,865,0,0,-0.6044667959213257,-2.5614376068115234,-1.1001822587730459,2,up_right,69,-3.54541015625,,,observed_bullet_overlap,global_viability_kernel_exhausted_before_hit,17,110,76438,playfield_boundary;corridor_deadline_miss;fast_mode,,,no_active_spell_at_hit
LUN-S3-F76873-T1,76873,0,3,Stage 4A / Reimu,8.0,425.10003662109375,3.0,0.0,0.0,0.0,False,1081,0,2,-0.49104613065719604,-3.2641959190368652,8.136032104492188,2,up_fast,241,-2.917755126953125,,,observed_bullet_overlap,global_viability_kernel_exhausted_before_hit,6,23,76850,playfield_boundary;pool_density_over_1000,,,no_active_spell_at_hit
LUN-S3-F81590-T1,81590,0,3,Stage 4A / Reimu,40.48527908325195,423.51470947265625,3.0,3.0,0.0,0.0,False,138,0,9,-12.127761840820312,-26.5123291015625,-0.1724479135477459,2,up_fast,1377,10.947559356689453,,,observed_enemy_body_overlap,global_viability_kernel_exhausted_before_hit,22,194,81396,corridor_deadline_miss;fast_mode,,,no_active_spell_at_hit
LUN-S3-F83526-T1,83526,0,3,Stage 4A / Reimu,54.05290603637695,432.0,3.0,1.0,0.0,0.0,False,173,0,7,-8.810970306396484,-15.34890365600586,3.0301902476412454,2,up_left_fast,101,14.122277792284159,,,observed_enemy_body_overlap,global_viability_kernel_exhausted_before_hit,11,112,83414,playfield_boundary,,,no_active_spell_at_hit
LUN-S3-F84164-T1,84164,0,3,Stage 4A / Reimu,8.0,432.0,3.0,2.0,0.0,0.0,False,536,0,0,-1.4561645984649658,-1.4561645984649658,0.1720014417252287,2,up_right_fast,413,2.38427734375,,,modeled_committed_prefix_collision,global_viability_kernel_exhausted_before_hit,6,30,84134,playfield_boundary;fast_mode,57,夢境「二重大結界」,resolved_live_spell_state
LUN-S3-F85322-T1,85322,0,3,Stage 4A / Reimu,376.0,432.0,3.0,0.0,0.0,0.0,False,595,0,21,-1.4644958972930908,-1.4644958972930908,5.915069580078125,1,left_fast,650,2.3759765625,,,modeled_committed_prefix_collision,global_viability_kernel_exhausted_before_hit,3,61,85261,playfield_boundary;fast_mode,57,夢境「二重大結界」,resolved_live_spell_state
LUN-S3-F85788-T1,85788,0,3,Stage 4A / Reimu,9.62634563446045,432.0,3.0,0.0,0.0,0.0,False,596,0,0,-1.3898022174835205,-1.3898022174835205,-0.934637704306418,2,down_right_fast,882,1.6722183227539062,,,modeled_committed_prefix_collision,global_viability_kernel_exhausted_before_hit,4,11,85777,playfield_boundary;corridor_deadline_miss,57,夢境「二重大結界」,resolved_live_spell_state
LUN-S3-F86412-T1,86412,0,3,Stage 4A / Reimu,8.0,432.0,3.0,2.0,0.0,0.0,False,633,0,0,-3.431506395339966,-3.431506395339966,-6.5,2,up_fast,829,0.76849365234375,,,modeled_committed_prefix_collision,global_viability_kernel_exhausted_before_hit,6,41,86371,playfield_boundary;corridor_deadline_miss;fast_mode,57,夢境「二重大結界」,resolved_live_spell_state
LUN-S3-F94915-T1,94915,0,3,Stage 4A / Reimu,29.849597930908203,432.0,3.0,5.0,0.0,0.0,False,622,0,10,-2.323960542678833,-5.85174560546875,,2,down,720,-0.241241455078125,,,observed_bullet_overlap,global_viability_kernel_exhausted_before_hit,12,239,94676,playfield_boundary,,,no_active_spell_at_hit
LUN-S3-F95400-T1,95400,0,3,Stage 4A / Reimu,284.6102294921875,427.4000244140625,3.0,2.0,0.0,0.0,False,790,0,8,0.0375002920627594,-1.428625226020813,,2,stay,1145,-1.145782470703125,,,observed_bullet_overlap,global_viability_kernel_exhausted_before_hit,8,181,95219,,,,no_active_spell_at_hit
LUN-S3-F95848-T1,95848,0,3,Stage 4A / Reimu,255.9257354736328,413.99468994140625,4.0,3.0,1.0,1.0,False,798,0,5,-1.8306180238723755,-1.8306180238723755,14.963157653808594,3,stay,599,2.968298016236959,,,modeled_committed_prefix_collision,global_viability_kernel_exhausted_before_hit,4,148,95700,,,,no_active_spell_at_hit
LUN-S3-F103669-T1,103669,0,3,Stage 4A / Reimu,326.7451171875,405.37255859375,3.0,1.0,0.0,0.0,False,1243,0,57,-0.655474841594696,-23.24237060546875,,3,left_fast,773,-2.0906982421875,,,observed_bullet_overlap,global_viability_kernel_exhausted_before_hit,5,238,103431,pool_density_over_1000;fast_mode,65,神技「八方龍殺陣」,resolved_live_spell_state
LUN-S3-F104777-T1,104777,0,3,Stage 4A / Reimu,191.39581298828125,425.37255859375,4.0,1.0,1.0,1.0,False,1093,0,24,-1.417822003364563,-9.164337158203125,,3,right_fast,787,5.96636962890625,,,modeled_committed_prefix_collision,global_viability_kernel_exhausted_before_hit,0,237,104540,pool_density_over_1000;fast_mode,65,神技「八方龍殺陣」,resolved_live_spell_state
LUN-S3-F105313-T1,105313,0,3,Stage 4A / Reimu,148.68228149414062,432.0,4.0,1.0,1.0,1.0,False,1296,0,0,-2.7227683067321777,-9.199676513671875,,2,up,580,6.904510498046875,,,modeled_committed_prefix_collision,global_viability_kernel_exhausted_before_hit,13,236,105077,playfield_boundary;pool_density_over_1000;fast_mode,65,神技「八方龍殺陣」,resolved_live_spell_state
LUN-S3-F112318-T1,112318,0,3,Stage 4A / Reimu,372.0,399.870361328125,3.0,1.0,0.0,0.0,False,694,0,116,-1.4432556629180908,-2.3052430152893066,4.278995452504489,1,down_left_fast,1276,-1.06219482421875,,,observed_bullet_overlap,global_viability_kernel_exhausted_before_hit,16,231,112087,playfield_boundary;fast_mode,69,回霊「夢想封印　侘」,resolved_live_spell_state
LUN-S3-F113242-T1,113242,0,3,Stage 4A / Reimu,374.3736572265625,432.0,3.0,3.0,0.0,0.0,False,677,0,141,-2.7817745208740234,-2.7817745208740234,,1,up_left_fast,467,0.21295166015625,,,modeled_committed_prefix_collision,global_viability_kernel_exhausted_before_hit,3,240,113002,playfield_boundary,69,回霊「夢想封印　侘」,resolved_live_spell_state
LUN-S3-F117478-T1,117478,0,3,Stage 4A / Reimu,369.321044921875,424.08160400390625,3.0,20.0,0.0,0.0,False,1329,0,36,2.047009229660034,-0.995794415473938,9.130811711815301,1,up_left_fast,917,-1.799163818359375,,,observed_bullet_overlap,robust_action_set_exhausted_before_hit,3,0,,pool_density_over_1000;fast_mode,73,大結界「博麗弾幕結界」,resolved_live_spell_state
LUN-S5-F120209-T1,120209,0,5,Stage 5,17.350271224975586,428.747314453125,3.0,10.0,0.0,0.0,False,589,0,1,-3.2242465019226074,-3.2242465019226074,1.1494634824325924,2,up,1288,4.404839515686035,,,modeled_committed_prefix_collision,global_viability_kernel_exhausted_before_hit,6,114,120095,playfield_boundary;fast_mode,,,no_active_spell_at_hit
LUN-S5-F130745-T1,130745,0,5,Stage 5,370.3431396484375,381.8289794921875,3.0,6.0,0.0,0.0,False,366,0,0,0.10853271186351776,-2.1460628509521484,-11.452560424804688,2,down,876,-1.86322021484375,,,observed_bullet_overlap,global_viability_kernel_exhausted_before_hit,14,155,130590,corridor_deadline_miss;fast_mode,,,no_active_spell_at_hit
LUN-S5-F131416-T1,131416,0,5,Stage 5,376.0,432.0,4.0,0.0,1.0,1.0,False,301,0,3,-2.9183707237243652,-9.7578125,4.580925235163257,2,down_fast,311,2.2349913022656276,,,modeled_committed_prefix_collision,global_viability_kernel_exhausted_before_hit,3,206,131210,playfield_boundary;fast_mode,,,no_active_spell_at_hit
LUN-S5-F132912-T1,132912,0,5,Stage 5,376.0,432.0,4.0,1.0,1.0,1.0,False,524,0,12,-31.433990478515625,-31.433990478515625,10.151913842241656,1,up_left_fast,255,1.772613525390625,,,modeled_committed_prefix_collision,global_viability_kernel_exhausted_before_hit,17,146,132766,playfield_boundary;fast_mode,,,no_active_spell_at_hit
LUN-S5-F141970-T1,141970,0,5,Stage 5,376.0,432.0,6.0,21.0,3.0,3.0,False,1052,0,15,-1.2000305652618408,-1.2396092414855957,,3,up_fast,8,2.458953857421875,,,modeled_committed_prefix_collision,global_viability_kernel_exhausted_before_hit,9,239,141731,playfield_boundary;pool_density_over_1000;fast_mode,103,幻波「赤眼催眠(マインドブローイング)」,resolved_live_spell_state
LUN-S5-F142851-T1,142851,0,5,Stage 5,131.30133056640625,428.0,4.0,14.0,1.0,1.0,False,946,0,51,-2.409930467605591,-2.409930467605591,,2,up_left_fast,1420,0.961578369140625,,,modeled_committed_prefix_collision,global_viability_kernel_exhausted_before_hit,21,238,142613,playfield_boundary;fast_mode,103,幻波「赤眼催眠(マインドブローイング)」,resolved_live_spell_state
LUN-S5-F148140-T1,148140,0,5,Stage 5,47.86229705810547,432.0,3.0,3.0,0.0,0.0,False,1036,0,10,-0.22808656096458435,-0.2582455575466156,,3,stay,333,3.860565185546875,,,modeled_committed_prefix_collision,global_viability_kernel_exhausted_before_hit,4,239,147901,playfield_boundary;pool_density_over_1000;fast_mode,,,no_active_spell_at_hit
LUN-S5-F150001-T1,150001,0,5,Stage 5,147.0842742919922,432.0,3.0,1.0,0.0,0.0,False,1004,0,48,-10.463144302368164,-10.463144302368164,,5,up,281,3.7736053466796875,,,modeled_committed_prefix_collision,global_viability_kernel_exhausted_before_hit,17,207,149794,playfield_boundary;pool_density_over_1000,107,狂視「狂視調律(イリュージョンシーカー)」,resolved_live_spell_state
LUN-S5-F151250-T1,151250,0,5,Stage 5,165.10369873046875,428.0,4.0,1.0,1.0,1.0,False,1001,0,73,-6.329663276672363,-7.046745777130127,,3,down_left_fast,599,0.721649169921875,,,modeled_committed_prefix_collision,global_viability_kernel_exhausted_before_hit,51,240,151010,playfield_boundary;pool_density_over_1000;fast_mode,107,狂視「狂視調律(イリュージョンシーカー)」,resolved_live_spell_state
LUN-S5-F154062-T1,154062,0,5,Stage 5,8.0,424.0,4.0,11.0,1.0,1.0,False,381,0,13,-1.8743164539337158,-1.8743164539337158,,1,up,159,-1.4489059448242188,,,observed_bullet_overlap,global_viability_kernel_exhausted_before_hit,5,238,153824,playfield_boundary,,,no_active_spell_at_hit
LUN-S5-F155490-T1,155490,0,5,Stage 5,370.8419189453125,432.0,3.0,8.0,0.0,0.0,False,432,0,15,-1.5299123525619507,-1.5299123525619507,,2,left_fast,954,2.59375,,,modeled_committed_prefix_collision,global_viability_kernel_exhausted_before_hit,8,239,155251,playfield_boundary;fast_mode,,,no_active_spell_at_hit
LUN-S5-F156507-T1,156507,0,5,Stage 5,370.3431396484375,426.3431396484375,3.0,10.0,0.0,0.0,False,474,0,12,-0.892535388469696,-2.8674373626708984,,2,up_left,459,-2.169464111328125,,,observed_bullet_overlap,global_viability_kernel_exhausted_before_hit,9,240,156267,fast_mode,,,no_active_spell_at_hit
LUN-S5-F157910-T1,157910,0,5,Stage 5,201.5286407470703,198.6505584716797,3.0,2.0,0.0,0.0,False,365,0,100,2.7269294261932373,-3.0223512649536133,2.8161371605297205,2,up_fast,823,-1.1623992919921875,,,observed_bullet_overlap,global_viability_kernel_exhausted_before_hit,14,121,157789,fast_mode,111,懶惰「生神停止(マインドストッパー)」,resolved_live_spell_state
LUN-S5-F158654-T1,158654,0,5,Stage 5,210.49668884277344,195.4319305419922,3.0,1.0,0.0,0.0,False,337,0,0,-1.3979703187942505,-5.1676025390625,-2.7565460205078125,2,up_left_fast,633,2.509520797439928,,,modeled_committed_prefix_collision,global_viability_kernel_exhausted_before_hit,7,121,158533,corridor_deadline_miss;fast_mode,111,懶惰「生神停止(マインドストッパー)」,resolved_live_spell_state
LUN-S5-F159403-T1,159403,0,5,Stage 5,161.14129638671875,195.2558135986328,3.0,9.0,0.0,0.0,False,337,0,0,-1.449621319770813,-1.449621319770813,-4.731188380768334,2,down_left_fast,910,4.16815185546875,,,modeled_committed_prefix_collision,global_viability_kernel_exhausted_before_hit,12,118,159285,corridor_deadline_miss;fast_mode,111,懶惰「生神停止(マインドストッパー)」,resolved_live_spell_state
LUN-S5-F161773-T1,161773,0,5,Stage 5,27.021169662475586,428.0,3.0,4.0,0.0,0.0,False,1177,0,18,-0.7684032320976257,-0.7684032320976257,,1,right_fast,401,-1.822113037109375,,,observed_bullet_overlap,global_viability_kernel_exhausted_before_hit,3,240,161533,playfield_boundary;pool_density_over_1000;fast_mode,115,散符「真実の月(インビジブルフルムーン)」,resolved_live_spell_state
LUN-S5-F162473-T1,162473,0,5,Stage 5,271.5539245605469,423.51470947265625,3.0,9.0,0.0,0.0,False,1145,0,0,0.15198974311351776,-3.7403078079223633,,2,down,1379,-1.27435302734375,,,observed_bullet_overlap,global_viability_kernel_exhausted_before_hit,17,237,162236,pool_density_over_1000,115,散符「真実の月(インビジブルフルムーン)」,resolved_live_spell_state
LUN-S7-F166752-T1,166752,0,7,Final B / Kaguya,219.0137939453125,432.0,3.0,31.0,0.0,0.0,False,457,0,0,-1.439550518989563,-1.439550518989563,,2,right,563,8.42462158203125,,,modeled_committed_prefix_collision,global_viability_kernel_exhausted_before_hit,7,237,166515,playfield_boundary,,,no_active_spell_at_hit
LUN-S7-F175052-T1,175052,0,7,Final B / Kaguya,376.0,419.54736328125,4.0,92.0,1.0,1.0,False,564,0,44,-1.911810040473938,-1.911810040473938,1.3582616022058573,2,up_fast,860,3.149749755859375,,,modeled_committed_prefix_collision,global_viability_kernel_exhausted_before_hit,16,86,174966,playfield_boundary;fast_mode,150,薬符「壺中の大銀河」,resolved_live_spell_state
LUN-S7-F175710-T1,175710,0,7,Final B / Kaguya,376.0,151.8598175048828,3.0,77.0,0.0,0.0,False,588,0,66,-3.106189012527466,-6.5797119140625,-8.465547437319426,2,left_fast,291,1.9381103515625,,,modeled_committed_prefix_collision,global_viability_kernel_exhausted_before_hit,17,125,175585,playfield_boundary;corridor_deadline_miss;fast_mode,150,薬符「壺中の大銀河」,resolved_live_spell_state
LUN-S7-F176232-T1,176232,0,7,Final B / Kaguya,14.505382537841797,425.49462890625,4.0,62.0,1.0,1.0,False,370,0,0,-28.86217498779297,-28.86217498779297,,1,down_left_fast,1072,0.27735137939453125,,,modeled_committed_prefix_collision,global_viability_kernel_exhausted_before_hit,45,218,176014,,150,薬符「壺中の大銀河」,resolved_live_spell_state
LUN-S7-F176607-T1,176607,0,7,Final B / Kaguya,8.0,385.71405029296875,3.0,46.0,0.0,0.0,False,548,0,0,-12.428253173828125,-19.4970703125,9.921096801757812,2,up_right_fast,141,-1.9023513793945312,,,observed_bullet_overlap,global_viability_kernel_exhausted_before_hit,6,35,176572,playfield_boundary;fast_mode,150,薬符「壺中の大銀河」,resolved_live_spell_state
LUN-S7-F177240-T1,177240,0,7,Final B / Kaguya,376.0,309.4619140625,3.0,30.0,0.0,0.0,False,790,0,0,-2.7742061614990234,-6.6904296875,-18.823520524759836,3,down_fast,408,2.818572998046875,,,modeled_committed_prefix_collision,global_viability_kernel_exhausted_before_hit,26,43,177197,playfield_boundary;corridor_deadline_miss,150,薬符「壺中の大銀河」,resolved_live_spell_state
LUN-S7-F182567-T1,182567,0,7,Final B / Kaguya,161.13294982910156,432.0,3.0,19.0,0.0,0.0,False,1122,0,15,-1.7981445789337158,-1.7981445789337158,,1,up_right_fast,334,3.17132568359375,,,modeled_committed_prefix_collision,global_viability_kernel_exhausted_before_hit,5,240,182327,playfield_boundary;pool_density_over_1000;fast_mode,,,no_active_spell_at_hit
LUN-S7-F183607-T1,183607,0,7,Final B / Kaguya,8.0,424.0,4.0,3.0,1.0,1.0,False,1194,0,0,-1.4530823230743408,-3.7314486503601074,6.711373817766054,1,up_left,987,-1.6817474365234375,,,observed_bullet_overlap,global_viability_kernel_exhausted_before_hit,5,108,183499,playfield_boundary;pool_density_over_1000;fast_mode,,,no_active_spell_at_hit
LUN-S7-F184544-T1,184544,0,7,Final B / Kaguya,26.928424835205078,432.0,4.0,2.0,1.0,1.0,False,1169,0,0,0.14429931342601776,-0.4766896963119507,8.149765014648438,1,up_fast,879,-1.6197509765625,,,observed_bullet_overlap,global_viability_kernel_exhausted_before_hit,10,74,184470,playfield_boundary;pool_density_over_1000;fast_mode,,,no_active_spell_at_hit
LUN-S7-F186454-T1,186454,0,7,Final B / Kaguya,47.98442077636719,432.0,3.0,2.0,0.0,0.0,False,102,210,21,-2.584348201751709,-2.584348201751709,1.4315620763094312,2,up_fast,745,8.86309814453125,47,6.275162021642464,modeled_committed_prefix_collision,global_viability_kernel_exhausted_before_hit,5,62,186392,playfield_boundary;fast_mode,154,神宝「ブリリアントドラゴンバレッタ」,resolved_live_spell_state
LUN-S7-F187205-T1,187205,0,7,Final B / Kaguya,170.69834899902344,432.0,4.0,9.0,1.0,1.0,False,117,230,29,0.25727540254592896,-1.7617238759994507,3.1630694230405005,1,stay,1126,-1.4153289794921875,7,10.717372832633076,observed_bullet_overlap,global_viability_kernel_exhausted_before_hit,13,90,187115,playfield_boundary,154,神宝「ブリリアントドラゴンバレッタ」,resolved_live_spell_state
LUN-S7-F194546-T1,194546,0,7,Final B / Kaguya,370.3431396484375,432.0,3.0,1.0,0.0,0.0,False,245,33,9,-2.243640184402466,-2.243640184402466,,1,up_left,1363,2.027740478515625,24,7.98660539520302,modeled_committed_prefix_collision,global_viability_kernel_exhausted_before_hit,6,192,194354,playfield_boundary;fast_mode,158,神宝「ブディストダイアモンド」,resolved_live_spell_state
LUN-S7-F200740-T1,200740,0,7,Final B / Kaguya,8.0,432.0,3.0,2.0,0.0,0.0,False,716,0,4,-3.4769175052642822,-3.4769175052642822,5.2959214562800785,2,up_right_fast,898,0.6478958129882812,,,modeled_committed_prefix_collision,global_viability_kernel_exhausted_before_hit,6,90,200650,playfield_boundary;fast_mode,,,no_active_spell_at_hit
LUN-S7-F201834-T1,201834,0,7,Final B / Kaguya,166.16978454589844,432.0,3.0,1.0,0.0,0.0,False,706,0,0,-3.889453172683716,-4.03589391708374,-10.089302062988281,1,up_left_fast,1396,-2.01776123046875,,,observed_bullet_overlap,global_viability_kernel_exhausted_before_hit,9,36,201798,playfield_boundary;corridor_deadline_miss;fast_mode,,,no_active_spell_at_hit
LUN-S7-F203197-T1,203197,0,7,Final B / Kaguya,230.91363525390625,415.66204833984375,3.0,1.0,0.0,0.0,False,625,0,0,0.0463503897190094,-1.6671499013900757,8.010452270507812,2,stay,731,-1.1257781982421875,,,observed_bullet_overlap,global_viability_kernel_exhausted_before_hit,13,155,203042,fast_mode,,,no_active_spell_at_hit
LUN-S7-F206012-T1,206012,0,7,Final B / Kaguya,8.0,432.0,3.0,0.0,0.0,0.0,False,526,32,24,-1.4822229146957397,-1.4822229146957397,-13.926063537597656,3,up_right_fast,85,0.7940692901611328,20,3.5883126783057495,modeled_committed_prefix_collision,global_viability_kernel_exhausted_before_hit,10,88,205924,playfield_boundary;corridor_deadline_miss,162,神宝「サラマンダーシールド」,resolved_live_spell_state
LUN-S7-F213312-T1,213312,0,7,Final B / Kaguya,13.656854629516602,25.27928924560547,3.0,1.0,0.0,0.0,False,341,52,0,-0.0267459899187088,-3.479452133178711,3.0583911884492068,3,left,1166,-3.1966094970703125,38,14.063266017848004,observed_bullet_overlap,global_viability_kernel_exhausted_before_hit,6,35,213277,,166,神宝「ライフスプリングインフィニティ」,resolved_live_spell_state
LUN-S7-F213670-T1,213670,0,7,Final B / Kaguya,8.0,432.0,3.0,0.0,0.0,0.0,False,218,52,0,-1.8296692371368408,-1.8296692371368408,-0.4903068542480469,1,right,1295,1.4781494140625,32,-2.881774458172701,observed_laser_overlap,global_viability_kernel_exhausted_before_hit,5,58,213612,playfield_boundary;corridor_deadline_miss;fast_mode,166,神宝「ライフスプリングインフィニティ」,resolved_live_spell_state
LUN-S7-F214167-T1,214167,0,7,Final B / Kaguya,369.97479248046875,412.274658203125,3.0,0.0,0.0,0.0,False,482,52,0,-2.8955159187316895,-2.8955159187316895,7.24272719546698,2,down_fast,708,12.325225830078125,22,-3.0552945545350867,observed_laser_overlap,global_viability_kernel_exhausted_before_hit,13,57,214110,fast_mode,166,神宝「ライフスプリングインフィニティ」,resolved_live_spell_state
LUN-S7-F219289-T1,219289,0,7,Final B / Kaguya,180.01608276367188,429.17156982421875,3.0,3.0,0.0,0.0,False,336,0,18,-5.634106636047363,-5.634106636047363,5.764579622678555,2,up_fast,900,-1.184600830078125,,,observed_bullet_overlap,global_viability_kernel_exhausted_before_hit,19,91,219198,playfield_boundary;fast_mode,170,神宝「蓬莱の玉の枝  -夢色の郷-」,resolved_live_spell_state
LUN-S7-F222030-T1,222030,0,7,Final B / Kaguya,376.0,428.747314453125,3.0,2.0,0.0,0.0,False,577,0,95,-0.658801257610321,-2.5858821868896484,13.172477722167969,1,up_left_fast,364,-2.8992919921875,,,observed_bullet_overlap,global_viability_kernel_exhausted_before_hit,5,144,221886,playfield_boundary,170,神宝「蓬莱の玉の枝  -夢色の郷-」,resolved_live_spell_state
LUN-S7-F222798-T1,222798,0,7,Final B / Kaguya,8.0,426.44732666015625,3.0,9.0,0.0,0.0,False,563,0,165,-2.4755001068115234,-2.4755001068115234,11.02277046785439,1,up_fast,1242,3.42218017578125,,,modeled_committed_prefix_collision,global_viability_kernel_exhausted_before_hit,5,97,222701,playfield_boundary,170,神宝「蓬莱の玉の枝  -夢色の郷-」,resolved_live_spell_state
LUN-S7-F227050-T1,227050,0,7,Final B / Kaguya,374.0352783203125,432.0,3.0,6.0,0.0,0.0,False,879,0,37,-2.2565670013427734,-2.2565670013427734,13.841357369417041,2,up_fast,1285,2.849639892578125,,,modeled_committed_prefix_collision,global_viability_kernel_exhausted_before_hit,3,240,226810,playfield_boundary;fast_mode,174,「永夜返し  -待宵-」,resolved_live_spell_state
